ID,Categoria OWASP,Severidade,Nome da Vulnerabilidade,Arquivo,Linhas,Código Problemático,Motivo da Falha,Como Reproduzir,Impacto,Como Resolver,Status,Prioridade
1,A01:2021 - Broken Access Control,CRÍTICA,Ausência Total de Autorização Baseada em Roles,"Todos os Controllers (ColaboradorController.java, BandaController.java, ShowController.java, etc)",Todo o código,"Nenhum uso de @PreAuthorize, @Secured ou validação de roles nos endpoints","Qualquer usuário autenticado pode acessar todos os endpoints, independentemente do seu tipo (PRODUTOR, TECNICO_SOM, TECNICO_LUZ, etc). Um técnico de som pode deletar bandas, um produtor de estrada pode modificar shows de outros produtores.","1. Fazer login como TECNICO_SOM; 2. Acessar DELETE /bandas/1; 3. Sucesso indevido","Escalação de privilégios, modificação/deleção de dados por usuários não autorizados","1. Adicionar roles na entidade CredenciaisUsuarioEntity; 2. Proteger endpoints com @PreAuthorize(""hasRole('ADMIN') or hasRole('PRODUTOR')""); 3. Mapear tipos para roles: PRODUTOR → ROLE_PRODUTOR, TECNICO_* → ROLE_TECNICO",Pendente,ALTA
2,A01:2021 - Broken Access Control,CRÍTICA,Sem Validação de Ownership (Propriedade),AlocacaoController.java,27-32,"@PutMapping(""/{id}/responder"") public ResponseEntity<ResponseAlocacaoDto> responderAlocacao(@PathVariable Long id, @RequestParam StatusAlocacao status)","Não verifica se o usuário autenticado é o dono da alocação. Qualquer usuário pode aceitar/recusar alocações de outros.","1. Login como usuário A (ID 1); 2. Obter alocação do usuário B (ID 2); 3. PUT /alocacoes/5/responder?status=ACEITO; 4. Usuário A consegue responder pela alocação do usuário B","IDOR (Insecure Direct Object Reference) - usuários podem manipular dados de outros","Adicionar validação: if (!alocacaoService.pertenceAoUsuario(id, username)) { throw new AccessDeniedException(""Não autorizado""); }",Pendente,ALTA
3,A01:2021 - Broken Access Control,CRÍTICA,Endpoints de Teste em Produção,NotificacaoController.java,73-95 e 97-106,"@PostMapping(""/teste/websocket"") public ResponseEntity<Map<String, String>> testarWebSocket(@RequestParam String username, @RequestParam String mensagem)","Endpoints de teste expostos sem proteção. Qualquer usuário autenticado pode enviar notificações arbitrárias para qualquer outro usuário.","POST /notificacoes/teste/websocket?username=admin&mensagem=hack","Spam de notificações, engenharia social, phishing interno","Opção 1: Adicionar @Profile(""dev"") aos endpoints; Opção 2: Proteger com @PreAuthorize(""hasRole('ADMIN')"")",Pendente,URGENTE
4,A01:2021 - Broken Access Control,ALTA,WebSocket sem Validação de Roles,WebSocketAuthInterceptor.java,38-42,"if (username != null && jwtTokenManager.validaTokenSomente(token, username)) { attributes.put(""username"", username); return true; }","Valida apenas se o token é válido, não verifica roles/permissões para diferentes canais","N/A","Usuários podem acessar canais WebSocket não autorizados","Extrair roles do token e validar: List<String> roles = jwtTokenManager.getRolesFromToken(token); Adicionar @PreAuthorize nos MessageMapping",Pendente,MÉDIA
5,A02:2021 - Cryptographic Failures,CRÍTICA,Credenciais Hardcoded em Texto Claro,application.properties,29-31,"spring.mail.username=macarimarcelino@gmail.com; spring.mail.password=wyai ulxs bask fxir","Credenciais de email em texto claro no código versionado (Git). App password do Gmail exposto.","1. Acessar repositório Git; 2. Visualizar histórico: git log -p application.properties; 3. Credenciais expostas permanentemente","Acesso total à conta de email, envio de spam, vazamento de dados de recuperação de senha","1. Mover para variáveis de ambiente: spring.mail.username=${MAIL_USERNAME:}; 2. Usar secrets manager (AWS Secrets, Azure Key Vault); 3. Limpar histórico Git com git filter-branch",Pendente,URGENTE
6,A02:2021 - Cryptographic Failures,CRÍTICA,Secret JWT Fraco e Versionado,application.properties,20,"jwt.secret=SGVsbG8tR3JheGEtQVBJLTEyMy1KVVNURVI=","Secret é apenas Base64 de 'Hello-Graxa-API-123-JUSTER' (decodificação trivial). Versionado no Git permite geração de tokens válidos por atacantes.","echo 'SGVsbG8tR3JheGEtQVBJLTEyMy1KVVNURVI=' | base64 -d","Atacante pode gerar tokens JWT válidos para qualquer usuário, bypassando autenticação completamente","1. Gerar secret forte: openssl rand -base64 64; 2. Mover para env: jwt.secret=${JWT_SECRET}; 3. Implementar rotação periódica",Pendente,URGENTE
7,A02:2021 - Cryptographic Failures,CRÍTICA,Banco de Dados Sem Senha,application.properties,4-5,"spring.datasource.username=sa; spring.datasource.password=","H2 database com usuário 'sa' (admin) sem senha. Console H2 habilitado permite acesso direto.","1. Acessar http://localhost:8080/h2-console; 2. JDBC URL: jdbc:h2:file:./data/graxaDB; 3. Username: sa, Password: (vazio); 4. Acesso total ao banco","Leitura/modificação de todos os dados, incluindo senhas hasheadas, tokens, dados pessoais","spring.datasource.password=${DB_PASSWORD:senhaSuperForte123}; spring.h2.console.enabled=${H2_CONSOLE_ENABLED:false}",Pendente,URGENTE
8,A02:2021 - Cryptographic Failures,ALTA,Senhas em Data.sql,data.sql,"8-11, outras","INSERT INTO CREDENCIAIS_USUARIO_ENTITY (..., SENHA, ...) VALUES (..., '$2a$10$senhaHash1', 1)","Hashes de senha de desenvolvimento commitados. Se senhas forem reusadas ou fracas originalmente, facilitam ataques.","Tentar dicionário de senhas comuns contra os hashes commitados","Descoberta de senhas reais se usuários reusaram senhas fracas","1. Não commitar data.sql com dados reais; 2. Usar @Profile(""dev"") para dados de teste; 3. Gerar hashes diferentes para cada ambiente",Pendente,MÉDIA
9,A03:2021 - Injection,CRÍTICA,Path Traversal em Download de Imagens,ImagemService.java,49-55,"public byte[] baixarImagem(String nomeArquivo) throws IOException { Path caminho = Paths.get(pastaUpload).resolve(nomeArquivo); return Files.readAllBytes(caminho); }","Aceita qualquer string como nome de arquivo sem validação. Permite path traversal para ler arquivos do sistema.","curl http://localhost:8080/imagens/download/../../../../../../etc/passwd; curl http://localhost:8080/imagens/download/../../application.properties","Leitura de arquivos sensíveis do sistema, código-fonte, configurações, chaves privadas","Validar: if (nomeArquivo.contains("".."") || nomeArquivo.contains(""/"")) throw SecurityException; Whitelist de extensões; Verificar que path resolvido está dentro da pasta permitida",Pendente,URGENTE
10,A05:2021 - Security Misconfiguration,CRÍTICA,CORS Permite Todas Origens,SecurityConfiguracao.java + WebSocketConfig.java,115 + 32,"configuracao.setAllowedOriginPatterns(Arrays.asList(""*""));","Permite qualquer site fazer requisições à API com credenciais. Expõe a CSRF, vazamento de dados.","Site malicioso em evil.com faz: fetch('http://localhost:8080/colaboradores/1', {credentials: 'include', headers: {'Authorization': 'Bearer ' + stolenToken}})","CSRF, roubo de dados via sites maliciosos, phishing","configuracao.setAllowedOrigins(Arrays.asList(""https://graxa-frontend.com"", ""https://graxa-admin.com"")); Remover setAllowCredentials(true) se não for necessário",Pendente,ALTA
11,A05:2021 - Security Misconfiguration,CRÍTICA,H2 Console Exposto Publicamente,application.properties + SecurityConfiguracao.java,10 + 51,"spring.h2.console.enabled=true; /h2-console/** liberado","Console de administração do banco acessível sem autenticação em produção","1. Navegar para http://[servidor]/h2-console; 2. Conectar com credenciais vazias; 3. Executar: SELECT * FROM CREDENCIAIS_USUARIO_ENTITY","Acesso total ao banco de dados, dump de senhas, modificação de dados","spring.h2.console.enabled=${H2_CONSOLE:false}; Remover /h2-console/** de URLS_PERMITIDAS ou usar @Profile(""dev"")",Pendente,URGENTE
12,A05:2021 - Security Misconfiguration,CRÍTICA,Actuator Exposto Sem Proteção,SecurityConfiguracao.java,49,"private static final String[] URLS_PERMITIDAS = { ""/actuator/**"", }","Endpoints /actuator expõem informações sensíveis: ambiente, configurações, métricas, heap dumps","curl http://localhost:8080/actuator/env; curl http://localhost:8080/actuator/heapdump","Vazamento de configurações, variáveis de ambiente, possível vazamento de senhas em heap dump","management.endpoints.web.exposure.include=health,info; Remover /actuator/** de URLS_PERMITIDAS; Proteger com autenticação",Pendente,ALTA
13,A05:2021 - Security Misconfiguration,ALTA,Logs de Debug em Produção,CredenciaisUsuarioService.java + AutenticacaoService.java,194 + 24,"System.out.println(authentication); System.out.println(""loadUserByUsername chamado para: "" + identificador);","System.out.println em código de produção expõe dados sensíveis em logs","Acessar logs do servidor em produção","Vazamento de informações de autenticação, facilitando ataques","Remover System.out.println; Usar logger apropriado: log.debug(""Authentication: {}"", authentication); // Apenas em dev",Pendente,MÉDIA
14,A07:2021 - Authentication Failures,CRÍTICA,Ausência de Rate Limiting,CredenciaisUsuarioController.java,28-31 + 32-35 + 22-25,"@PostMapping(""/login"") public ResponseEntity<?> login(@RequestBody RequestLoginDto dto) { return service.login(dto.identificador(), dto.senha()); }","Sem limitação de tentativas permite ataques de força bruta e credential stuffing","Script Python fazendo loop de tentativas: for senha in wordlist: requests.post('/credenciais/login', json={'identificador': 'admin', 'senha': senha})","Descoberta de senhas, bloqueio de contas (DoS), abuse do sistema","Implementar Bucket4j: @RateLimiter(name = ""login""); resilience4j.ratelimiter.instances.login.limitForPeriod: 5; limitRefreshPeriod: 15m",Pendente,ALTA
15,A07:2021 - Authentication Failures,CRÍTICA,Código de Recuperação Fraco,CredenciaisUsuarioService.java,120-123,"private String gerarCodigo() { int min = 100000; int max = 999999; return String.valueOf((int)(Math.random() * (max - min + 1)) + min); }","Apenas 1.000.000 de combinações. Sem rate limiting, pode ser descoberto em minutos","Loop Python de 100000 a 999999 tentando validar código","Hijacking de contas, redefinição não autorizada de senhas","Usar UUID.randomUUID().toString(); OU gerar código alfanumérico de 8 caracteres (208 bilhões de combinações); + Rate limiting obrigatório no endpoint de validação",Pendente,ALTA
16,A07:2021 - Authentication Failures,ALTA,Token JWT com Validade Longa,application.properties,19,"jwt.validity=3600000  # 1000 horas = 41+ dias","Token válido por mais de 1 mês. Se roubado, atacante tem acesso prolongado","Roubar token do localStorage ou interceptar requisição","Token roubado continua válido por tempo excessivo","jwt.validity=1800000  # 30 minutos; jwt.refresh.validity=604800000  # 7 dias; Implementar refresh token pattern",Pendente,MÉDIA
17,A09:2021 - Logging Failures,ALTA,Ausência de Logging de Segurança,Todos os controllers e services,N/A,"Não há logs estruturados","Não há logs de: tentativas de login (sucesso/falha), mudanças de senha, acessos negados, modificações de dados sensíveis, uploads de arquivos","N/A","Impossível detectar ataques em andamento, realizar forensics, ou rastrear ações maliciosas","Implementar logger de segurança: Logger securityLog = LoggerFactory.getLogger(""SECURITY""); securityLog.info(""LOGIN_SUCCESS: user={}, ip={}"", id, ip);",Pendente,MÉDIA
18,A09:2021 - Logging Failures,ALTA,Stacktraces Expostos ao Cliente,GlobalExceptionHandler.java + NotificacaoController.java,22 + 31 + 39 + 48 + 57 + 68,"erro.put(""mensagem"", e.getMessage());","Mensagens de exceção podem revelar estrutura interna, queries SQL, paths de arquivos","Forçar erro no endpoint e ver resposta: mensagem: 'Table graxaDB.USUARIOS doesn't exist'","Information disclosure facilita ataques direcionados","Log interno detalhado: log.error(""Erro interno: "", e); Resposta genérica ao cliente: erro.put(""mensagem"", ""Erro interno do servidor""); erro.put(""codigo"", ""ERR_INTERNAL_500"");",Pendente,MÉDIA
